<?xml version="1.0" encoding="UTF-8"?>
<beans xmlns="http://www.springframework.org/schema/beans"
	xmlns:xsi="http://www.w3.org/2001/XMLSchema-instance"
	xmlns:mybatis-spring="http://mybatis.org/schema/mybatis-spring"
	xmlns:security="http://www.springframework.org/schema/security"
	xmlns:tx="http://www.springframework.org/schema/tx"
	xsi:schemaLocation="http://www.springframework.org/schema/security http://www.springframework.org/schema/security/spring-security-4.2.xsd
		http://mybatis.org/schema/mybatis-spring http://mybatis.org/schema/mybatis-spring-1.2.xsd
		http://www.springframework.org/schema/beans https://www.springframework.org/schema/beans/spring-beans.xsd
		http://www.springframework.org/schema/tx http://www.springframework.org/schema/tx/spring-tx-4.3.xsd">
	
	<!-- Root Context: defines shared resources visible to all other web components -->
	
	<!-- spring security 설정! -->
	
	<!-- <bean class="kr.ac.kopo.security.CustomAuthenticationFilter" id="customAuthenticationFilter" /> -->
	<bean class="org.springframework.web.filter.RequestContextFilter" id="requestContextFilter" />
	<bean class="kr.ac.kopo.security.CustomUserDetailsService" id="customUserDetailsService" />
	<bean class="kr.ac.kopo.security.CustomFailureHandler" id="customFailureHandler" />
	<bean class="kr.ac.kopo.security.CustomSuccessHandler" id="customSuccessHandler" />
	<!-- 비번 암호화 로그인 인증을 위한 provider(정보 입력 후 로그인 요청 시 provider에서 확인/사용자 정의 provider로 하기 위해) -->
	<bean class="kr.ac.kopo.security.CustomAuthProvider" id="customAuthProvider" />
	<!-- 패스워드 단방향 암호화 -->
	<bean id="passwordEncoder" class="org.springframework.security.crypto.bcrypt.BCryptPasswordEncoder"/>
	
	<security:http auto-config="true" use-expressions="true">

		<!-- 로그인 설정 
			default-target-url : 로그인 성공
			authentication-failure-url : 로그인 실패
			login-processing-url : <form action="">에서 지정해 줄 url로, 서블릿에 도달하지 않기 때문에(filter에서 처리) 컨트롤러에 별도 작성할 필요 없음
		-->
		<security:custom-filter ref="requestContextFilter" before="FORM_LOGIN_FILTER"/>
		<security:form-login	
			username-parameter="id" 
			password-parameter="password"
			login-processing-url="/loginProcess" 
			login-page="/login" 
			default-target-url="/" 
			
			authentication-failure-handler-ref="customFailureHandler"
			authentication-success-handler-ref="customSuccessHandler" />

		<!-- 로그아웃 설정 
			logout-success-url : 로그아웃 완료 시 보내줄 url
			invalidate-session : 세션 삭제 여부
			delete-cookies  쿠키 삭제 여부
		-->
		<security:logout
			logout-url="/logout"
			logout-success-url="/"
			invalidate-session="true"
			delete-cookies="true" />
			
		<!-- 해킹 방법 막기위함 -->
		<!-- <security:csrf disabled="true"/> -->
		<security:csrf disabled="true"/>
		
		
		<!-- 권한 부여(intercepter 설정) : 허용할 범위 -> 금지할 범위 순으로 적용 -->
		<!-- 정적 리소스는 모두 접근 허용 -->
		<security:intercept-url pattern="/resources/**" access="permitAll" />
		<!-- <security:intercept-url pattern="/" access="permitAll" />
 -->
		<!-- 로그인된 상태에서는 로그인이나 회원가입 화면에 접근 못하도록 함 -->
		<security:intercept-url pattern="/login" access="isAnonymous()" />
		<security:intercept-url pattern="/signup" access="isAnonymous()" />

		<!-- card/ || mypage/ || calendar/로 접근했을 때 로그인 인증을 받은 사용자이면 요청 페이지로, 없으면 로그인 페이지로 -->
		<!-- <security:intercept-url pattern="/card/**" access="hasAnyRole('ROLE_USER','ROLE_ADMIN')" /> --><!-- hasAnyFole('user','admin')도 가능 -->
		<security:intercept-url pattern="/mypage/**" access="hasAnyRole('ROLE_USER','ROLE_ADMIN')" /><!-- hasAnyFole('user','admin')도 가능 -->
		<security:intercept-url pattern="/api/mypage/**" access="hasAnyRole('ROLE_USER','ROLE_ADMIN')" /><!-- hasAnyFole('user','admin')도 가능 -->
		<security:intercept-url pattern="/calendar/**" access="hasAnyRole('ROLE_USER','ROLE_ADMIN')" /><!-- hasAnyFole('user','admin')도 가능 -->

		<!-- 관리자페이지는 관리자만 접근 허용 -->
		<security:intercept-url pattern="/admin/**" access="hasRole('ROLE_ADMIN')" />
	</security:http>
	
	<!-- 권한이 없어서 금지된 uri 접속할 때 보여줄 페이지(403 에러 페이지) -->
	<!-- <security:access-denied-handler error-page="/"/> -->
	
	
	<!-- security db 연동 : DB의 데이터(id, password, 권한)을 스프링에 전달해주는 클래스의 Bean 객체 이름을 아래와 같이 레퍼런스러 제공!
	=> user-service-ref : DB인증을 처리할 Bean 객체 이름!-->
	<security:authentication-manager>
		<security:authentication-provider ref="customAuthProvider"></security:authentication-provider>	
	</security:authentication-manager>
	
	<!-- <security:authentication-manager id="clientAuthenticationManager" >
	    <security:authentication-provider user-service-ref="customUserDetailsService">
	        <security:password-encoder ref="passwordEncoder" />
	    </security:authentication-provider>
	</security:authentication-manager> -->
	
	
	<!-- file upload -->
	<bean id="multipartResolver" class="org.springframework.web.multipart.commons.CommonsMultipartResolver">
	    <!--  파일업로드 용량 (10MB)-->
	    <property name="maxUploadSize" value="10485760"/>
	    <property name="defaultEncoding" value="UTF-8" />
	 </bean>
	 
	 <!-- 트랜젝션 매니저 -->
	<bean id="transactionManager" class="org.springframework.jdbc.datasource.DataSourceTransactionManager">
		<property name="dataSource" ref="dataSource"></property>
	</bean>
	
	<!-- @Transactional 애노테이션을 sacn하기 위한 설정 -->
	<tx:annotation-driven/>
	 
 
	
	<bean class="org.springframework.jdbc.datasource.DriverManagerDataSource" id="dataSourceSpied">
	  <property value="oracle.jdbc.driver.OracleDriver" name="driverClassName" />
	  <property value="jdbc:oracle:thin:@card-reco-db.clguhxmibgkq.ap-northeast-2.rds.amazonaws.com:1521/ORCL" name="url" />
	  <!-- 오라클 사용자 이름 -->
	  <property value="scott" name="username" />
	  <!-- 오라클 사용자 비밀번호 -->
	  <property value="4943" name="password" />
	</bean>
	
	<bean id="dataSource" class="net.sf.log4jdbc.Log4jdbcProxyDataSource"> 
		<constructor-arg ref="dataSourceSpied" /> 
		<property name="logFormatter"> 
			<bean class="net.sf.log4jdbc.tools.Log4JdbcCustomFormatter"> 
				<property name="loggingType" value="MULTI_LINE" /> 
				<property name="sqlPrefix" value="SQL : "/> 
			</bean> 
		</property> 
	</bean>

	
	
	<bean class="org.mybatis.spring.SqlSessionFactoryBean" id="SqlSessionFactory">
	  <property name="dataSource" ref="dataSourceSpied" />
	  <property value="classpath:mybatis-config.xml" name="configLocation" />
	<!--   <property value="classpath:/mapper/*Mapper.xml" name="mapperLocations" /> -->
	</bean>
	<bean id="sqlSession" class="org.mybatis.spring.SqlSessionTemplate" destroy-method="clearCache">
		<constructor-arg name="sqlSessionFactory" ref="SqlSessionFactory"></constructor-arg>
	</bean>
	
	<mybatis-spring:scan base-package="kr.ac.kopo" />
</beans>
